id,number,street,city,state,postalCode,price
1,40,8th,Los Angeles,CA,90094,179014.3
2,8392,Loftsgordon,Boise,ID,83722,233245.49
3,95172,Northview,Dayton,OH,45440,222339.8
4,28,Forest Run,Atlanta,GA,31196,120408.46
5,69,Steensland,Boston,MA,02298,110257.6
6,85,Maple,Denver,CO,80249,389253.09
7,5336,Derek,Charleston,WV,25326,396817.88
8,5,Granby,Rochester,NY,14609,389523.51
9,891,Messerschmidt,Boulder,CO,80310,341740.6
10,82,Summit,Minneapolis,MN,55423,104874.92
11,29,Dixon,New York City,NY,10060,226320.1
12,996,Golf View,Milwaukee,WI,53234,68850.94
13,715,Sunbrook,Modesto,CA,95354,151603.89
14,76036,Nevada,Lincoln,NE,68583,414449.19
15,4820,Sugar,San Diego,CA,92145,107946.69
16,96998,Amoth,Savannah,GA,31405,358102.13
17,4,Westend,Portland,OR,97286,230883.4
18,96,Sundown,Washington,DC,20420,181047.27
19,5,Hauk,Los Angeles,CA,90020,170056.32
20,1,Golden Leaf,Lancaster,PA,17622,356324.66
21,1,Prairieview,Chicago,IL,60641,160953.53
22,9030,Lighthouse Bay,Lexington,KY,40505,306383.0
23,9749,Amoth,Albuquerque,NM,87105,484470.46
24,14,Declaration,Kansas City,MO,64193,332033.16
25,11,Hagan,Washington,DC,20205,188082.85
26,054,Mitchell,Mount Vernon,NY,10557,151229.09
27,58,Anniversary,Sacramento,CA,94291,168548.74
28,48,Magdeline,Chicago,IL,60691,65259.59
29,7323,2nd,Omaha,NE,68117,492958.0
30,68491,Manitowish,Boca Raton,FL,33499,175801.33
31,92,Clyde Gallagher,Augusta,GA,30905,123630.13
32,50950,Grover,Toledo,OH,43666,151643.36
33,65,Drewry,San Francisco,CA,94110,238730.12
34,357,Riverside,Tampa,FL,33605,489614.74
35,2,Utah,Charlotte,NC,28272,81967.37
36,62397,Judy,Trenton,NJ,08638,281460.0
37,04,Bobwhite,Philadelphia,PA,19115,303437.71
38,29,Meadow Ridge,Fort Worth,TX,76110,52444.79
39,87363,1st,Huntsville,AL,35895,284037.83
40,75,Summerview,Amarillo,TX,79118,55257.98
41,24616,Starling,Winston Salem,NC,27110,464139.99
42,8,Nobel,Sterling,VA,20167,332853.57
43,430,Morning,Norfolk,VA,23504,318041.01
44,49184,Bowman,Macon,GA,31205,208803.24
45,7,Goodland,Springfield,IL,62794,98317.41
46,0092,Autumn Leaf,Des Moines,IA,50347,331408.81
47,0,Chinook,Alexandria,VA,22313,431147.21
48,43170,Corben,Washington,DC,20238,326116.02
49,840,Cascade,Washington,DC,20016,105894.84
50,556,Sachs,Albuquerque,NM,87195,50398.25
51,941,Cody,Erie,PA,16505,405348.45
52,3,Corben,Santa Rosa,CA,95405,305482.36
53,0,Butterfield,Macon,GA,31210,275402.42
54,42590,Dawn,Glendale,CA,91210,174446.21
55,21,Crescent Oaks,Santa Monica,CA,90405,151858.95
56,102,Sommers,Corpus Christi,TX,78415,126909.0
57,517,Logan,Duluth,GA,30195,279349.79
58,712,Oneill,Lexington,KY,40581,374847.26
59,65,Bultman,Tacoma,WA,98481,475604.15
60,33619,Stephen,Gainesville,FL,32610,142579.14
61,41495,Loomis,Louisville,KY,40233,312639.09
62,4510,Becker,Fort Lauderdale,FL,33325,239128.76
63,184,Kennedy,Los Angeles,CA,90025,416110.01
64,501,Loftsgordon,Pueblo,CO,81005,159433.14
65,80,Sheridan,Memphis,TN,38150,380125.78
66,35,Eastwood,San Jose,CA,95173,312855.75
67,367,Ridgeview,Melbourne,FL,32941,176917.0
68,4,Longview,Lafayette,LA,70593,132993.43
69,97,Sullivan,Dallas,TX,75210,297163.9
70,888,Vahlen,New Orleans,LA,70187,450904.72
71,8315,Thompson,New Hyde Park,NY,11044,288770.92
72,32337,Annamark,Toledo,OH,43666,346240.95
73,7,Continental,Torrance,CA,90505,316779.03
74,94820,David,Dulles,VA,20189,302076.48
75,34,Commercial,Milwaukee,WI,53205,350094.86
76,499,Eagan,Springfield,IL,62718,149779.38
77,019,Twin Pines,Fort Wayne,IN,46825,270370.01
78,500,Ridge Oak,Washington,DC,20503,279543.64
79,8,Daystar,El Paso,TX,79911,467650.03
80,3960,Schurz,Fresno,CA,93704,117668.89
81,7659,Schurz,Phoenix,AZ,85020,148738.31
82,7359,Cascade,San Bernardino,CA,92410,307981.46
83,6430,Heffernan,Bronx,NY,10469,185660.35
84,52424,Clyde Gallagher,Atlanta,GA,30323,477338.25
85,7,Commercial,Washington,DC,20436,61288.1
86,56723,Barnett,Huntington,WV,25721,484099.23
87,8,Vahlen,Asheville,NC,28815,473479.83
88,28205,Novick,Buffalo,NY,14233,115274.66
89,0194,Ronald Regan,New York City,NY,10292,442248.55
90,1,Farragut,Peoria,IL,61614,141612.71
91,53,Gale,Norfolk,VA,23509,314923.58
92,3,Utah,Dallas,TX,75205,484629.57
93,5453,School,Decatur,GA,30089,56181.89
94,43872,Judy,Los Angeles,CA,90045,91458.34
95,7,Farragut,Houston,TX,77271,367536.75
96,60,Hanson,Gaithersburg,MD,20883,330744.35
97,644,Ruskin,Charleston,WV,25313,242422.46
98,2335,Johnson,Lafayette,LA,70505,290575.0
99,47066,Bellgrove,Washington,DC,20220,270066.22
100,0281,Pleasure,San Diego,CA,92127,106853.15
101,953,Lerdahl,Little Rock,AR,72204,252372.48
102,5715,Dorton,New Orleans,LA,70142,166584.67
103,084,Washington,Cleveland,OH,44197,462815.56
104,25,Banding,Boston,MA,02109,197042.9
105,8,Oriole,Jersey City,NJ,07305,187081.28
106,392,Crest Line,Columbus,OH,43226,157432.72
107,9,Northridge,Savannah,GA,31410,152412.28
108,3234,Kingsford,Portland,OR,97255,193979.17
109,4,Dennis,San Francisco,CA,94169,332433.81
110,4874,Marquette,Brooklyn,NY,11254,64873.7
111,4,Hintze,Springfield,IL,62794,291788.17
112,49852,Birchwood,Ocala,FL,34474,248488.16
113,0,Reindahl,Baltimore,MD,21282,59103.92
114,726,Portage,Houston,TX,77030,468026.25
115,91,Sullivan,Rockford,IL,61105,329310.71
116,5,Buhler,San Antonio,TX,78215,96145.39
117,708,Gina,Washington,DC,20392,111390.44
118,9,Melvin,Reno,NV,89519,241532.83
119,52,Sommers,New Bedford,MA,02745,132322.99
120,28,East,Brooklyn,NY,11231,183114.71
121,5843,Reinke,Kansas City,MO,64136,268100.73
122,52,Surrey,Charlottesville,VA,22903,401285.83
123,11521,Chinook,Staten Island,NY,10310,242512.19
124,191,Northland,San Diego,CA,92153,372470.07
125,5,Towne,Milwaukee,WI,53220,344858.51
126,50,Butterfield,Carol Stream,IL,60158,246029.82
127,84799,Commercial,Mobile,AL,36610,70668.56
128,3111,Miller,Charlotte,NC,28235,403677.32
129,595,Hudson,Oceanside,CA,92056,320110.28
130,02238,Arizona,Louisville,KY,40293,251511.37
131,525,Hudson,Philadelphia,PA,19131,449460.0
132,16,Morningstar,Omaha,NE,68164,189783.98
133,6,Summerview,Reston,VA,22096,87974.51
134,97861,Spenser,Murfreesboro,TN,37131,387234.36
135,02058,Ronald Regan,West Palm Beach,FL,33416,457402.95
136,63745,Fremont,Daytona Beach,FL,32128,239656.38
137,47,Barby,Fort Wayne,IN,46825,463419.4
138,8,Kedzie,Los Angeles,CA,90065,337172.67
139,087,Scoville,Saint Louis,MO,63158,332447.32
140,891,Jenna,Baltimore,MD,21229,172474.59
141,502,Redwing,Los Angeles,CA,90025,130122.71
142,20,Rusk,North Las Vegas,NV,89087,109075.36
143,02,Stone Corner,Houston,TX,77050,192189.19
144,3891,Brown,Washington,DC,20599,303840.61
145,04689,Quincy,Tampa,FL,33647,407390.45
146,7347,Susan,Los Angeles,CA,90030,389466.49
147,87900,Heath,Sioux Falls,SD,57198,350162.53
148,3749,3rd,Jackson,TN,38308,362135.14
149,7345,Nelson,Lexington,KY,40576,444519.55
150,3547,Elmside,North Hollywood,CA,91606,63246.49
151,9,Havey,Fort Myers,FL,33994,450813.0
152,34,Helena,Denver,CO,80243,150950.61
153,8,Pleasure,Kansas City,MO,64130,185393.99
154,641,Sunbrook,Honolulu,HI,96820,190810.66
155,44,Clemons,North Little Rock,AR,72199,125247.77
156,86614,Manitowish,Corpus Christi,TX,78410,193116.12
157,2,Hazelcrest,Memphis,TN,38197,85321.19
158,281,Jana,Salt Lake City,UT,84140,94771.91
159,652,Mariners Cove,San Diego,CA,92121,310573.69
160,5,Eagle Crest,Saint Louis,MO,63121,426211.0
161,3,Straubel,New York City,NY,10160,214611.46
162,7,Swallow,Riverside,CA,92519,238360.07
163,9,Melrose,Alexandria,VA,22301,51934.37
164,4,Bonner,Birmingham,AL,35225,238702.63
165,3175,Meadow Valley,Santa Monica,CA,90410,131861.67
166,4,Dapin,Dallas,TX,75367,447600.97
167,5392,Trailsway,Boise,ID,83716,100975.37
168,6049,Raven,Denton,TX,76210,187755.28
169,719,Schlimgen,Huntsville,AL,35895,142370.55
170,6301,Comanche,Huntsville,TX,77343,150368.75
171,5,Oakridge,Newark,DE,19714,345289.86
172,8140,Montana,Corpus Christi,TX,78410,455985.87
173,0,Troy,Philadelphia,PA,19115,188231.21
174,40568,Gulseth,Oakland,CA,94627,489842.73
175,040,Summer Ridge,Oklahoma City,OK,73152,241075.87
176,2,Nancy,Gainesville,GA,30506,146432.1
177,766,Northridge,Omaha,NE,68144,437752.6
178,02,Dottie,San Jose,CA,95173,294608.89
179,7,Golf View,Terre Haute,IN,47805,156729.17
180,2,Delaware,Charleston,WV,25356,227606.9
181,98631,Mallard,Daytona Beach,FL,32123,185022.74
182,7234,Welch,Miami,FL,33158,58219.18
183,3,Loftsgordon,Kansas City,MO,64193,183761.15
184,17,Declaration,New Orleans,LA,70160,478720.76
185,9,Vera,Charlotte,NC,28278,97560.87
186,47,New Castle,Spartanburg,SC,29319,122295.22
187,915,Ridge Oak,Palatine,IL,60078,152063.58
188,99,Bunker Hill,Shawnee Mission,KS,66220,234802.11
189,6582,Sunfield,Flushing,NY,11355,274276.48
190,01,Buell,Fresno,CA,93773,254759.78
191,01,Nobel,Tampa,FL,33625,89499.66
192,65235,Sycamore,New Castle,PA,16107,134991.23
193,9,Lighthouse Bay,Brockton,MA,02405,263471.93
194,4,Sherman,Atlanta,GA,30368,368753.51
195,1709,Waywood,Washington,DC,20210,220998.13
196,657,Arkansas,Montgomery,AL,36114,486682.62
197,33256,Rieder,Buffalo,NY,14205,410786.17
198,6429,Randy,Glendale,AZ,85311,241317.04
199,7,Steensland,Orange,CA,92668,430414.0
200,93860,Porter,Mc Keesport,PA,15134,414829.3
201,17307,Lotheville,Aurora,CO,80015,252704.31
202,73510,Huxley,Nashville,TN,37215,399247.33
203,5,Sunnyside,Annapolis,MD,21405,213686.78
204,73,Annamark,Raleigh,NC,27690,312725.26
205,4430,Muir,Tyler,TX,75705,73194.23
206,1666,Summerview,Los Angeles,CA,90081,440558.22
207,12760,Linden,Raleigh,NC,27605,93159.83
208,653,Rowland,Baton Rouge,LA,70883,326268.64
209,0244,Butternut,Chicago,IL,60691,271776.92
210,35,Wayridge,El Paso,TX,79955,430531.74
211,13,Nobel,Cleveland,OH,44197,494545.89
212,12240,Pepper Wood,Los Angeles,CA,90005,229950.92
213,3900,Reindahl,Columbia,SC,29208,396004.16
214,023,Cottonwood,Portland,OR,97232,97319.16
215,5,Schiller,Kansas City,MO,64149,237935.19
216,5940,Maple,Independence,MO,64054,308958.6
217,3,Dennis,Washington,DC,20530,133342.51
218,117,Glacier Hill,Columbus,OH,43215,240397.14
219,241,Pankratz,Des Moines,IA,50393,215754.88
220,2,Warner,Murfreesboro,TN,37131,197035.87
221,65902,Fordem,Ventura,CA,93005,374850.2
222,08,Kings,Apache Junction,AZ,85219,447161.51
223,9893,Springview,Boulder,CO,80310,132909.11
224,9358,Havey,Gainesville,FL,32610,435862.07
225,25,Reinke,Scranton,PA,18505,52593.38
226,1,Waywood,Chicago,IL,60681,254959.34
227,1,Namekagon,Sacramento,CA,95852,230028.52
228,5098,Delladonna,Miami,FL,33196,58594.24
229,9,Pond,Miami,FL,33180,470018.28
230,8180,Warner,Minneapolis,MN,55441,131458.0
231,625,Ludington,San Diego,CA,92196,342307.67
232,433,Red Cloud,Sacramento,CA,95818,391991.37
233,85,Oak Valley,Jackson,TN,38308,395840.33
234,0,Manley,Bismarck,ND,58505,381685.33
235,5885,Upham,Miami,FL,33283,316028.0
236,3988,Riverside,Boise,ID,83716,252481.57
237,685,Raven,Minneapolis,MN,55428,462319.99
238,32032,Rigney,Fresno,CA,93726,381984.29
239,17,Lawn,Fort Wayne,IN,46852,226088.02
240,29,Claremont,Washington,DC,20220,276814.4
241,7,Trailsway,Atlanta,GA,31136,450613.79
242,22075,Holmberg,Saint Louis,MO,63126,58936.63
243,100,Norway Maple,Charlotte,NC,28225,244819.15
244,46,Pennsylvania,Burbank,CA,91520,82501.83
245,05,Graceland,Lakewood,WA,98498,391236.51
246,7,Boyd,Kansas City,MO,64149,143821.27
247,124,Evergreen,Abilene,TX,79699,70664.02
248,2,Truax,San Antonio,TX,78285,311361.56
249,3075,Troy,Tampa,FL,33633,165743.82
250,4977,Melody,Charlotte,NC,28225,435842.95
251,71,School,Boca Raton,FL,33487,66168.08
252,125,American,Mobile,AL,36689,302139.68
253,65,3rd,Erie,PA,16510,433207.0
254,5701,Transport,Kansas City,MO,64199,149229.11
255,7,Artisan,Denver,CO,80255,147600.69
256,618,Buell,Salt Lake City,UT,84152,391658.33
257,2,Kedzie,Winston Salem,NC,27110,498126.03
258,27,Garrison,Round Rock,TX,78682,204586.11
259,148,Utah,Cleveland,OH,44130,298013.0
260,5,Sutteridge,Birmingham,AL,35290,88111.93
261,045,Stang,Honolulu,HI,96810,233020.6
262,6,Barby,El Paso,TX,88519,348125.28
263,195,Memorial,Reston,VA,22096,195950.4
264,94,Victoria,Kansas City,MO,64193,188839.68
265,80213,Kingsford,Newark,NJ,07104,484301.17
266,91,Badeau,San Jose,CA,95108,342603.1
267,42491,Almo,Trenton,NJ,08603,452958.41
268,785,Jenifer,Seminole,FL,34642,181552.01
269,78480,Hauk,Waltham,MA,02453,176332.43
270,74,Coolidge,Albuquerque,NM,87180,402150.99
271,970,Dovetail,Saint Louis,MO,63116,314557.4
272,76748,Spohn,Trenton,NJ,08608,487897.19
273,3835,Mayfield,Bakersfield,CA,93381,335804.79
274,22,Arkansas,Fort Lauderdale,FL,33315,313044.56
275,8150,Cottonwood,Baton Rouge,LA,70820,238151.74
276,7946,Randy,El Paso,TX,79905,207762.37
277,25665,Jenifer,Seattle,WA,98166,259638.06
278,5,International,Carson City,NV,89714,358831.59
279,294,Moulton,Miami,FL,33245,94549.78
280,46055,Linden,Miami,FL,33245,438876.2
281,4,Maple Wood,Roanoke,VA,24014,340293.31
282,68,Dryden,Saint Louis,MO,63126,169060.36
283,92439,Muir,Shawnee Mission,KS,66286,402151.19
284,92036,Longview,Fresno,CA,93721,360102.19
285,0,Harper,Brooklyn,NY,11247,317388.07
286,69045,Gerald,Brooklyn,NY,11254,355025.79
287,296,Surrey,Washington,DC,20088,76643.06
288,24747,Magdeline,Dallas,TX,75397,278457.2
289,46,Emmet,Columbus,GA,31998,220220.17
290,084,Grayhawk,Richmond,VA,23277,108717.19
291,72,Butterfield,Little Rock,AR,72231,375123.44
292,945,Florence,Topeka,KS,66617,347368.91
293,71629,Crowley,Indianapolis,IN,46207,224802.34
294,45208,Talisman,Norman,OK,73071,185379.42
295,50,Artisan,Pittsburgh,PA,15230,177920.93
296,564,Bluestem,Oakland,CA,94627,435342.36
297,4768,Doe Crossing,Albuquerque,NM,87195,331525.8
298,8185,Darwin,Las Vegas,NV,89110,132039.93
299,64086,6th,Rochester,NY,14683,280253.34
300,30,Scott,San Rafael,CA,94913,147018.79
301,73,South,Laurel,MD,20709,264622.1
302,042,Wayridge,Peoria,IL,61629,418580.96
303,869,Kennedy,Sacramento,CA,94297,364347.04
304,9,Browning,Indianapolis,IN,46207,379974.01
305,98,Weeping Birch,Maple Plain,MN,55572,469122.49
306,761,Sundown,Madison,WI,53726,234539.73
307,27441,Butterfield,Miami,FL,33175,117409.5
308,64820,Becker,Atlanta,GA,30340,352864.37
309,245,Fulton,Phoenix,AZ,85072,497400.9
310,220,Northland,Lakewood,WA,98498,450442.2
311,7,Alpine,Washington,DC,20029,204408.41
312,54259,Service,Amarillo,TX,79171,345633.09
313,477,Hanson,Macon,GA,31210,426732.79
314,282,Norway Maple,Evansville,IN,47725,297827.0
315,50552,Oak,New York City,NY,10014,311588.13
316,39,Anthes,Richmond,VA,23272,322146.37
317,18211,Toban,Richmond,VA,23242,184366.35
318,026,Drewry,Hialeah,FL,33013,419138.55
319,71915,Almo,Springfield,IL,62776,262394.0
320,73774,Becker,Tucson,AZ,85748,194332.06
321,91415,Mifflin,Portland,OR,97271,381618.9
322,15,Lakewood,Columbus,OH,43284,241968.37
323,956,Johnson,Shawnee Mission,KS,66210,407119.42
324,8,Starling,Mesa,AZ,85205,426327.51
325,79,Quincy,Orange,CA,92867,190072.14
326,524,Bunker Hill,Dayton,OH,45432,303300.6
327,679,Stang,Canton,OH,44710,156443.44
328,78244,Declaration,Jamaica,NY,11407,369336.71
329,1601,Waywood,Flushing,NY,11388,262620.87
330,3189,Shasta,Dallas,TX,75241,58368.79
331,0,Graceland,Pittsburgh,PA,15255,357646.49
332,17119,Farmco,Sioux City,IA,51105,175738.84
333,1,Nobel,Washington,DC,20022,216691.37
334,9,Sachtjen,Pittsburgh,PA,15261,194462.11
335,177,Oxford,Springfield,IL,62776,60002.76
336,68,Portage,East Saint Louis,IL,62205,364511.78
337,035,Morning,Erie,PA,16522,370539.96
338,80252,Canary,Miami,FL,33175,159875.68
339,37,Erie,Buffalo,NY,14215,399120.9
340,8194,La Follette,Sioux Falls,SD,57193,308535.93
341,2441,Ruskin,Sacramento,CA,95852,171922.6
342,644,Walton,Baltimore,MD,21290,246600.0
343,05139,Pierstorff,Fort Worth,TX,76198,385338.21
344,927,Rutledge,New York City,NY,10110,109649.12
345,4649,Roxbury,Tacoma,WA,98464,107938.28
346,0,Rockefeller,Raleigh,NC,27621,70104.93
347,9843,Surrey,Sioux Falls,SD,57105,275632.83
348,19,Darwin,Washington,DC,20525,259199.96
349,0,Bluejay,Tucson,AZ,85743,424063.17
350,590,Birchwood,Louisville,KY,40287,273898.9
351,44,Bartillon,Dallas,TX,75379,378592.42
352,2,Rigney,Pittsburgh,PA,15279,447391.12
353,8,Gina,Fresno,CA,93786,491912.64
354,8457,Kensington,New York City,NY,10155,196972.55
355,22046,Calypso,Columbia,MO,65218,269109.19
356,93858,Pennsylvania,Atlanta,GA,31106,385567.8
357,82,Dennis,Las Vegas,NV,89178,491190.25
358,11596,Homewood,Clearwater,FL,34629,75274.31
359,8,Hovde,Tyler,TX,75710,101148.57
360,5250,Quincy,New York City,NY,10009,348123.08
361,5253,Monument,Mobile,AL,36641,220092.58
362,159,Straubel,Buffalo,NY,14276,147697.96
363,15,Barby,Washington,DC,20051,167865.61
364,62562,Village,York,PA,17405,400371.98
365,21,Sage,Odessa,TX,79769,104355.45
366,8198,Center,New Orleans,LA,70149,295232.74
367,73478,Corry,Albany,NY,12262,488372.64
368,7292,Hauk,Syracuse,NY,13210,467860.56
369,47248,Springs,Jersey City,NJ,07305,258234.94
370,23,Anthes,Columbia,SC,29240,276682.66
371,619,Graedel,Shawnee Mission,KS,66210,448804.0
372,6521,Pierstorff,Orange,CA,92668,99653.14
373,68607,Ridgeview,Fort Lauderdale,FL,33330,254130.93
374,82,Calypso,San Diego,CA,92191,198570.0
375,03,Stephen,Houston,TX,77090,367715.24
376,4482,Moland,San Francisco,CA,94132,407333.81
377,6548,Lillian,Gatesville,TX,76598,193321.74
378,0523,Kensington,Buffalo,NY,14205,306044.42
379,1280,Stephen,Baltimore,MD,21216,499683.73
380,06276,Twin Pines,Memphis,TN,38131,294122.26
381,21903,Bellgrove,Tampa,FL,33647,167058.74
382,0799,7th,Durham,NC,27705,410252.72
383,68613,Weeping Birch,Greensboro,NC,27404,292052.61
384,199,Hoffman,Detroit,MI,48267,426200.79
385,974,Northwestern,Miami,FL,33153,225199.68
386,7,Myrtle,Macon,GA,31296,273971.85
387,01,Mcbride,San Jose,CA,95150,352695.11
388,22582,Utah,Houston,TX,77065,424270.31
389,09634,Di Loreto,Springfield,MA,01152,368481.42
390,38,Comanche,Spring,TX,77386,371128.83
391,08,Pennsylvania,Woburn,MA,01813,240443.56
392,569,Continental,Wichita,KS,67230,403783.31
393,525,Johnson,Durham,NC,27717,264731.55
394,55,High Crossing,Tulsa,OK,74133,137863.56
395,7,Packers,Brooklyn,NY,11205,139967.48
396,44,Pond,Houston,TX,77085,262104.43
397,7,Harbort,Tampa,FL,33610,310932.33
398,654,Birchwood,Valdosta,GA,31605,347810.3
399,14,Kenwood,Kansas City,KS,66105,242933.58
400,7467,Waubesa,Brooklyn,NY,11215,290386.07
401,33,Stuart,Madison,WI,53710,284786.78
402,3,Merry,Macon,GA,31217,148660.81
403,3,Tennyson,Saint Louis,MO,63110,414090.76
404,363,Roxbury,Flushing,NY,11355,129401.18
405,7,Valley Edge,Reading,PA,19610,224341.67
406,25259,Dawn,Jacksonville,FL,32215,111460.86
407,85004,Burning Wood,Seattle,WA,98166,207166.67
408,98994,Aberg,New Hyde Park,NY,11044,79152.71
409,6,Arizona,San Antonio,TX,78215,241424.53
410,2,Forest Dale,Omaha,NE,68105,495725.16
411,2282,Alpine,Buffalo,NY,14215,98955.92
412,26,Prairieview,Glendale,AZ,85311,412613.3
413,25793,Dakota,Milwaukee,WI,53215,378456.22
414,066,7th,Carlsbad,CA,92013,109172.93
415,0223,Novick,Chico,CA,95973,233673.95
416,5652,Muir,Bakersfield,CA,93311,410131.77
417,811,Dryden,Louisville,KY,40210,160675.13
418,3,Transport,Lancaster,PA,17605,61673.52
419,80835,Mitchell,Brooklyn,NY,11241,109003.18
420,3,Vernon,New Orleans,LA,70142,195402.56
421,2160,Ramsey,Saint Louis,MO,63143,414858.43
422,03442,Nobel,Jacksonville,FL,32215,488771.85
423,9,8th,Dayton,OH,45419,343303.8
424,74222,Butternut,Greensboro,NC,27404,108096.1
425,1,Kedzie,Rockford,IL,61105,123070.08
426,827,Summit,Dayton,OH,45403,204156.43
427,13,Arkansas,Louisville,KY,40210,266602.93
428,1,Portage,Los Angeles,CA,90071,257831.46
429,114,Sunnyside,Stockton,CA,95205,318271.53
430,88,Corben,New York City,NY,10125,438521.58
431,68,Lunder,Seattle,WA,98104,239445.67
432,30393,Lakeland,Gulfport,MS,39505,137230.41
433,567,Lukken,Texarkana,TX,75507,496863.8
434,0784,Heath,Corpus Christi,TX,78426,300679.84
435,0140,Summit,Hartford,CT,06183,493461.03
436,68716,Crest Line,Kansas City,MO,64149,154817.49
437,94704,Fairfield,Raleigh,NC,27690,499915.52
438,41,Nelson,Nashville,TN,37210,56764.52
439,7706,Killdeer,Hartford,CT,06152,482897.99
440,87525,Clove,Kent,WA,98042,175145.72
441,73,East,Honolulu,HI,96825,136797.03
442,13028,Logan,Fayetteville,NC,28314,497657.0
443,824,Spenser,Des Moines,IA,50305,332282.2
444,82,Texas,Jacksonville,FL,32215,292601.72
445,50,Kensington,New Hyde Park,NY,11044,350284.89
446,4,American,Dulles,VA,20189,83439.93
447,2,Truax,Philadelphia,PA,19146,245647.4
448,850,Del Mar,Austin,TX,78732,401465.84
449,9,Eggendart,Vienna,VA,22184,480255.88
450,4,2nd,Kansas City,MO,64101,422396.69
451,40900,Bartillon,Valley Forge,PA,19495,353859.57
452,5,Valley Edge,Chicago,IL,60609,179783.73
453,9349,Hansons,Peoria,IL,61640,480393.83
454,49,Kropf,Kansas City,KS,66105,65327.91
455,741,3rd,Vienna,VA,22184,355012.52
456,70,Grover,Memphis,TN,38181,201652.39
457,3624,Del Sol,Norcross,GA,30092,471623.48
458,0,Di Loreto,Atlanta,GA,30306,293476.52
459,211,Delladonna,North Port,FL,34290,189682.95
460,81214,Vernon,Topeka,KS,66642,154957.22
461,6,Manley,Minneapolis,MN,55417,195679.24
462,190,Forest Dale,Los Angeles,CA,90035,60457.99
463,70,Derek,El Paso,TX,79968,257186.92
464,29222,Thackeray,Durham,NC,27710,333443.42
465,42505,Karstens,New York City,NY,10110,229415.99
466,3670,Scoville,Birmingham,AL,35220,261353.68
467,12845,Lawn,Midland,TX,79710,220594.78
468,1383,Calypso,Orlando,FL,32891,369332.91
469,33,Johnson,Cincinnati,OH,45254,65319.35
470,7,Morningstar,Memphis,TN,38136,121579.61
471,33332,Lindbergh,Oakland,CA,94616,200444.28
472,5932,Helena,Monticello,MN,55585,184877.16
473,0,Lukken,El Paso,TX,79968,121558.56
474,70012,Lukken,Fresno,CA,93778,167837.65
475,4720,Pierstorff,Port Washington,NY,11054,280794.27
476,35,Dwight,Memphis,TN,38114,482163.54
477,654,Steensland,Washington,DC,20470,123624.71
478,65,Anthes,Grand Junction,CO,81505,441448.81
479,5068,Melby,Jackson,TN,38308,274153.0
480,710,Buena Vista,Salem,OR,97306,448426.81
481,62380,Carey,Roanoke,VA,24040,166508.57
482,2211,Chive,Elizabeth,NJ,07208,130159.9
483,74,Judy,Memphis,TN,38109,179124.13
484,747,Bellgrove,Charlotte,NC,28242,286903.04
485,93,Toban,Lafayette,IN,47905,209295.14
486,2356,Melrose,Orlando,FL,32803,130182.11
487,85,Killdeer,New York City,NY,10115,88533.01
488,991,Shelley,Las Vegas,NV,89160,391923.4
489,96036,Transport,Tempe,AZ,85284,427577.45
490,95,Independence,Los Angeles,CA,90015,314545.66
491,3862,Kenwood,Hartford,CT,06145,126545.39
492,38,Anzinger,San Antonio,TX,78260,230195.0
493,736,Talisman,Syracuse,NY,13205,384703.15
494,258,East,Albany,GA,31704,145985.62
495,79453,David,North Las Vegas,NV,89036,196024.52
496,37,Talmadge,Bronx,NY,10464,263335.0
497,0705,Ramsey,Hayward,CA,94544,312121.34
498,27,Corben,Jacksonville,FL,32277,142386.21
499,226,Roxbury,Pittsburgh,PA,15261,461058.36
500,6845,Gulseth,Atlanta,GA,30356,331871.5
501,955,Jackson,Tucson,AZ,85732,295035.7
502,67508,Almo,Naples,FL,34114,63531.02
503,19,Fremont,San Diego,CA,92110,173971.76
504,389,Welch,Arlington,TX,76096,105589.19
505,79,Graceland,Fort Worth,TX,76105,393251.07
506,5,Northland,Tucson,AZ,85737,242407.57
507,48,Elka,Worcester,MA,01605,126404.64
508,04,Corben,Boston,MA,02124,498917.41
509,73,Melvin,Kansas City,MO,64160,394519.54
510,27,Service,Boulder,CO,80328,419001.97
511,2058,Dapin,Cincinnati,OH,45243,74979.08
512,252,Birchwood,Hamilton,OH,45020,374733.82
513,683,Erie,Columbus,OH,43231,436008.73
514,417,Bowman,Clearwater,FL,33758,337039.87
515,03,Glendale,Terre Haute,IN,47805,281131.82
516,4642,Farmco,Rockford,IL,61110,315842.07
517,49,Laurel,Saint Cloud,MN,56398,247553.31
518,6510,Sauthoff,Hagerstown,MD,21747,236087.73
519,835,Service,Wichita Falls,TX,76310,413547.59
520,184,Morrow,New York City,NY,10125,231942.89
521,2,Goodland,Salt Lake City,UT,84199,312393.44
522,64,Cordelia,Lexington,KY,40576,421350.5
523,333,Michigan,Charlotte,NC,28242,144983.75
524,6099,Northview,Modesto,CA,95354,254986.11
525,645,Center,Cleveland,OH,44185,333850.12
526,1,Dennis,Valley Forge,PA,19495,201070.4
527,033,Thackeray,Atlanta,GA,31196,89745.69
528,02,Huxley,Hayward,CA,94544,320691.04
529,4518,Sunnyside,Fresno,CA,93750,134136.49
530,85918,South,Columbus,MS,39705,265135.6
531,299,Gateway,Pasadena,CA,91199,90839.61
532,53,Bultman,Los Angeles,CA,90025,129005.66
533,44598,Eggendart,Tulsa,OK,74184,373458.03
534,36197,Kingsford,Oklahoma City,OK,73124,59606.37
535,7,Paget,Peoria,IL,61629,180357.6
536,3131,Scofield,Meridian,MS,39305,356224.4
537,6725,Prentice,Glendale,AZ,85311,262906.91
538,3,Jana,Arlington,VA,22212,355657.08
539,106,Starling,Grand Rapids,MI,49505,285245.33
540,21384,Sutherland,Minneapolis,MN,55402,306641.38
541,9,Mosinee,Paterson,NJ,07505,124077.85
542,83855,Katie,Austin,TX,78783,299171.09
543,299,Golf,Fort Pierce,FL,34949,476050.0
544,3,Drewry,Los Angeles,CA,90015,171160.36
545,248,Bay,Minneapolis,MN,55487,155897.6
546,5,Basil,Greenville,SC,29610,340873.01
547,7,Johnson,Little Rock,AR,72231,92439.48
548,20989,Briar Crest,Toledo,OH,43610,141728.84
549,27304,Truax,Brooksville,FL,34605,129101.04
550,3,Kipling,Pocatello,ID,83206,191204.61
551,137,Corben,Fort Collins,CO,80525,306365.0
552,3,Mccormick,El Paso,TX,88558,52852.99
553,43,Anzinger,Cincinnati,OH,45228,442036.48
554,933,Bunker Hill,Bradenton,FL,34205,310814.32
555,88558,Eagle Crest,Hialeah,FL,33013,238193.45
556,14,Granby,Scottsdale,AZ,85271,392869.49
557,26861,Sutteridge,Newton,MA,02458,310563.64
558,00,Dixon,Jackson,MS,39216,178822.98
559,3,Jay,Boise,ID,83722,315289.36
560,8,Birchwood,Albuquerque,NM,87180,481422.25
561,91334,Vermont,Pasadena,CA,91125,201521.54
562,043,Jackson,Boston,MA,02216,112842.96
563,5,Cardinal,Port Washington,NY,11054,178016.17
564,744,Thompson,Philadelphia,PA,19120,242859.68
565,83,Fieldstone,Winston Salem,NC,27157,198544.72
566,73922,Heath,Louisville,KY,40215,97903.78
567,26621,Messerschmidt,Bakersfield,CA,93305,272451.81
568,787,Oneill,Greenville,SC,29610,358923.08
569,89,Miller,New Haven,CT,06538,163128.44
570,00741,Veith,El Paso,TX,79984,316143.74
571,89,Kim,Reno,NV,89505,337561.59
572,2,Milwaukee,Murfreesboro,TN,37131,189013.44
573,2,Moose,Ann Arbor,MI,48107,238955.53
574,4,Hanson,Ocala,FL,34474,325844.43
575,696,Bunting,Rochester,NY,14639,137546.93
576,492,Elka,Syracuse,NY,13205,436743.97
577,512,Russell,Chicago,IL,60663,186542.37
578,42,Forster,Oklahoma City,OK,73179,195647.29
579,47,Larry,Cincinnati,OH,45264,119759.05
580,32,Eagle Crest,Fresno,CA,93773,437921.4
581,78,Stang,Columbia,SC,29215,352555.59
582,437,Ruskin,San Antonio,TX,78285,166923.96
583,233,Arkansas,Irvine,CA,92717,303048.34
584,7,Lyons,New Orleans,LA,70174,183403.24
585,85,Mayer,Fort Collins,CO,80525,328021.45
586,7,Manley,Flushing,NY,11388,221457.88
587,6840,Commercial,Springfield,MO,65898,193114.9
588,3075,Norway Maple,Melbourne,FL,32919,237972.65
589,659,Blackbird,Seattle,WA,98195,267643.29
590,6,Carey,Cincinnati,OH,45233,380165.81
591,5,Hallows,Albuquerque,NM,87115,218836.06
592,0,Kennedy,Des Moines,IA,50310,460393.4
593,6,Haas,Paterson,NJ,07522,77219.23
594,9,Cardinal,Newark,NJ,07104,280916.45
595,301,Eagle Crest,New Haven,CT,06505,160930.73
596,4115,Meadow Vale,Worcester,MA,01605,403550.04
597,8059,Everett,Toledo,OH,43615,273796.55
598,9,Green Ridge,Albany,NY,12242,65893.46
599,416,Anderson,Los Angeles,CA,90035,144047.61
600,87,Roth,San Antonio,TX,78235,286703.45
601,05,Green,Rockford,IL,61110,257199.05
602,776,Lien,Saint Paul,MN,55188,282459.65
603,4,Aberg,Crawfordsville,IN,47937,400095.41
604,91,Rutledge,Muncie,IN,47306,155882.87
605,1,Dawn,Riverside,CA,92505,122364.02
606,4267,Hayes,Lubbock,TX,79405,184267.83
607,600,Loomis,New York City,NY,10004,311652.12
608,2,Packers,Chicago,IL,60646,199524.37
609,26827,Namekagon,Fort Worth,TX,76129,325941.7
610,907,Oneill,Washington,DC,20260,496421.28
611,45,Northfield,Topeka,KS,66667,356440.32
612,5858,Magdeline,Chicago,IL,60630,173566.11
613,04,Main,Montgomery,AL,36125,372050.47
614,002,Jenna,Long Beach,CA,90847,456881.59
615,4,Rusk,Dallas,TX,75277,212794.4
616,4,Dottie,Canton,OH,44720,129796.42
617,45789,Bluestem,Fort Myers,FL,33994,169021.83
618,033,Mayer,Albany,NY,12262,493500.85
619,61252,Corben,Stockton,CA,95205,480462.27
620,14,Sloan,Tampa,FL,33647,433624.4
621,4,Starling,Lexington,KY,40546,372133.94
622,7,Corben,Decatur,IL,62525,201490.9
623,4,Packers,Falls Church,VA,22047,444628.03
624,04,Lerdahl,Peoria,IL,61635,58041.37
625,7257,Westend,Sioux Falls,SD,57188,186013.24
626,33443,East,Harrisburg,PA,17110,378743.8
627,32,Rieder,Pensacola,FL,32526,181337.0
628,7231,Randy,South Bend,IN,46699,470830.77
629,440,Scofield,Fort Worth,TX,76198,242282.46
630,736,Huxley,Raleigh,NC,27626,175275.66
631,346,Hagan,Worcester,MA,01654,270508.5
632,64,Kingsford,Lexington,KY,40576,494590.03
633,4,Duke,Atlanta,GA,30392,341070.04
634,0,Onsgard,Omaha,NE,68197,380655.56
635,30,Ilene,Charleston,WV,25326,491723.97
636,0,Briar Crest,Oklahoma City,OK,73124,396046.93
637,2756,Straubel,Fort Lauderdale,FL,33336,304680.86
638,441,Nancy,Alpharetta,GA,30022,168785.46
639,22,Melvin,Raleigh,NC,27610,302678.51
640,120,Bunker Hill,Nashville,TN,37228,459758.57
641,5,Hansons,Houston,TX,77080,123123.63
642,09074,Morning,Fort Lauderdale,FL,33310,454230.65
643,30,Jana,Chicago,IL,60641,172342.18
644,1139,Village Green,New York City,NY,10120,347855.56
645,60542,East,Columbia,SC,29225,65600.05
646,87,Lakewood,Tyler,TX,75799,331008.56
647,63,Farmco,Daytona Beach,FL,32118,98560.54
648,6924,Thompson,San Francisco,CA,94177,90089.15
649,3,Bay,Monticello,MN,55590,355374.25
650,16,Oak Valley,Bronx,NY,10469,72264.94
651,29,Corben,Atlanta,GA,31190,488204.98
652,96634,Mayfield,Charleston,WV,25336,89228.58
653,5,Veith,San Diego,CA,92170,223732.98
654,14120,Rowland,Boulder,CO,80328,115421.69
655,1,Gerald,Fort Smith,AR,72905,298056.47
656,6054,Shelley,Dallas,TX,75226,441698.09
657,06637,Loeprich,Kansas City,MO,64109,136179.9
658,76,Sommers,Birmingham,AL,35236,235315.49
659,5,Badeau,Fresno,CA,93773,259945.45
660,3,Charing Cross,Jackson,MS,39282,407055.0
661,913,Luster,Fresno,CA,93740,408736.7
662,50402,Sauthoff,Houston,TX,77260,99155.49
663,5463,Vera,Largo,FL,34643,215593.44
664,895,Jenna,Atlanta,GA,31119,397439.74
665,37,Express,Pittsburgh,PA,15274,78772.67
666,6,Londonderry,Reno,NV,89550,104428.62
667,90,Chinook,San Antonio,TX,78235,406614.61
668,42134,Sachs,Elizabeth,NJ,07208,110214.25
669,3,Atwood,El Paso,TX,79989,342501.7
670,93,Fair Oaks,Brooklyn,NY,11210,282339.85
671,1,Acker,Colorado Springs,CO,80920,355628.0
672,99516,Gale,Dallas,TX,75205,421276.75
673,151,North,Denver,CO,80243,255439.79
674,931,Redwing,Morgantown,WV,26505,91694.36
675,84173,Donald,Mobile,AL,36628,170629.13
676,33008,Birchwood,Birmingham,AL,35215,489206.14
677,2,High Crossing,Jackson,MS,39296,472087.84
678,6,Lillian,Dallas,TX,75226,114585.79
679,29893,Duke,Evansville,IN,47719,480117.23
680,1710,Holy Cross,Largo,FL,33777,248662.0
681,23665,Swallow,Oakland,CA,94622,272939.12
682,6,Rockefeller,Ocala,FL,34474,455696.07
683,990,Porter,Oakland,CA,94605,165413.86
684,059,Eagan,Trenton,NJ,08638,331633.49
685,287,Elmside,Nashville,TN,37210,456531.23
686,6,Atwood,New York City,NY,10125,336578.18
687,04,Orin,Torrance,CA,90505,180317.85
688,35964,Judy,Dayton,OH,45403,368532.35
689,75148,Sunbrook,Cincinnati,OH,45218,196912.88
690,2898,Pierstorff,Toledo,OH,43605,136466.72
691,18070,Bultman,Dallas,TX,75226,214479.44
692,50144,Mayfield,Long Beach,CA,90805,299183.0
693,858,Bashford,Saint Petersburg,FL,33731,275030.91
694,1722,Pierstorff,Los Angeles,CA,90076,128746.24
695,82887,Acker,San Francisco,CA,94137,392744.23
696,58,Killdeer,Murfreesboro,TN,37131,101826.81
697,929,Barnett,Anchorage,AK,99512,142680.33
698,34,Blackbird,Colorado Springs,CO,80935,229361.13
699,9492,Novick,Denver,CO,80279,169526.34
700,7618,Gale,Rockford,IL,61105,446039.88
701,15183,Jackson,North Port,FL,34290,171196.88
702,008,Katie,Santa Monica,CA,90410,401088.22
703,3463,4th,Chicago,IL,60609,200867.26
704,1412,Montana,Naples,FL,34114,384757.42
705,33833,Stang,Toledo,OH,43635,170280.85
706,21527,Bellgrove,Shreveport,LA,71115,306360.9
707,77,Artisan,Memphis,TN,38181,54291.45
708,3,Bayside,Grand Rapids,MI,49505,286986.03
709,7,Ludington,London,KY,40745,57305.74
710,6,Merry,Wilkes Barre,PA,18768,72219.24
711,1825,Buhler,Portland,OR,97221,294925.98
712,619,Dorton,Cincinnati,OH,45254,64505.92
713,1125,Sauthoff,Rochester,NY,14683,187610.78
714,82381,Roxbury,Columbia,SC,29225,324690.65
715,17,Northwestern,Dallas,TX,75397,112007.83
716,6780,Mariners Cove,Louisville,KY,40215,270380.23
717,0,Dayton,Denver,CO,80270,240386.86
718,88,Messerschmidt,Philadelphia,PA,19136,471604.1
719,26057,Tennessee,Mesa,AZ,85215,433117.31
720,3,Marcy,Pasadena,TX,77505,294085.0
721,41947,Melvin,Lehigh Acres,FL,33972,497148.34
722,0588,Golf,Hartford,CT,06152,354600.47
723,6,Amoth,Cincinnati,OH,45271,191220.31
724,78290,Mcbride,Salt Lake City,UT,84120,336433.68
725,360,Sugar,Colorado Springs,CO,80935,279363.21
726,18260,Carpenter,Toledo,OH,43610,354397.39
727,1906,Union,El Paso,TX,88514,71523.53
728,43,Claremont,Birmingham,AL,35279,132968.8
729,015,Chive,Indianapolis,IN,46295,182251.53
730,7,Waxwing,Youngstown,OH,44511,150300.6
731,8919,Comanche,Glendale,AZ,85305,217499.52
732,63292,Blaine,Tacoma,WA,98424,179603.3
733,4,Ramsey,Milwaukee,WI,53205,406632.42
734,90882,Holy Cross,Wilmington,DE,19805,231932.79
735,656,Kennedy,San Antonio,TX,78245,318065.0
736,096,Chive,San Antonio,TX,78260,471728.23
737,44,Welch,Abilene,TX,79605,323870.45
738,4,Parkside,Sacramento,CA,95818,375502.78
739,0654,Autumn Leaf,New Orleans,LA,70142,493059.04
740,0990,Duke,Toledo,OH,43666,453716.48
741,711,Kropf,Trenton,NJ,08619,480403.66
742,400,Mandrake,Washington,DC,20380,343499.1
743,3993,Maple Wood,Anchorage,AK,99517,250288.51
744,95,Veith,Hialeah,FL,33018,208401.76
745,016,Gale,Las Vegas,NV,89166,111745.28
746,79,Redwing,Reno,NV,89595,298300.68
747,1,Green,Houston,TX,77228,213813.54
748,537,Raven,Irvine,CA,92710,137269.0
749,17159,Golf View,Silver Spring,MD,20910,477158.78
750,07,Rusk,Roanoke,VA,24024,467995.13
751,6645,Spaight,Lexington,KY,40515,322234.92
752,57105,Carey,Minneapolis,MN,55428,55056.11
753,93,Oxford,Los Angeles,CA,90065,222759.07
754,46972,Menomonie,Salt Lake City,UT,84199,286905.98
755,66,Arizona,Sacramento,CA,94245,207508.36
756,5,Miller,Las Vegas,NV,89125,369136.0
757,3533,Goodland,Little Rock,AR,72215,377448.51
758,68919,Sommers,Provo,UT,84605,371894.63
759,19067,8th,Houston,TX,77010,374552.56
760,9,Judy,Houston,TX,77218,437436.65
761,850,West,Lansing,MI,48930,411949.72
762,6,Dottie,Athens,GA,30610,313850.4
763,33299,Clarendon,Long Beach,CA,90840,208303.02
764,88,Elmside,Norfolk,VA,23551,352547.1
765,72396,Arizona,Richmond,VA,23203,145034.55
766,6,Drewry,Boston,MA,02124,188430.44
767,2069,Dahle,Arlington,VA,22225,63182.71
768,532,Spohn,Washington,DC,20057,228742.14
769,81,Commercial,San Francisco,CA,94164,288172.45
770,5,Derek,Houston,TX,77065,242609.06
771,8685,Pond,Loretto,MN,55598,193877.75
772,9675,Armistice,New York City,NY,10115,401519.12
773,578,Forest Run,Houston,TX,77234,120669.11
774,3,Emmet,Lansing,MI,48901,362364.63
775,6,Grayhawk,Baltimore,MD,21290,419754.49
776,31340,Monica,Sioux Falls,SD,57188,324278.28
777,0,Spohn,Boca Raton,FL,33499,151019.82
778,482,Melvin,Minneapolis,MN,55480,245671.66
779,47002,Blaine,Pittsburgh,PA,15279,59259.3
780,89528,Drewry,San Jose,CA,95133,448525.72
781,6823,Clyde Gallagher,White Plains,NY,10633,97616.94
782,8155,Mitchell,El Paso,TX,88563,324900.05
783,478,Clemons,Houston,TX,77276,131585.56
784,858,Dovetail,Miami,FL,33245,326864.45
785,6,Clarendon,Henderson,NV,89012,94846.24
786,97839,Porter,Vienna,VA,22184,128270.99
787,88527,Blaine,San Bernardino,CA,92415,223631.25
788,59,East,Hartford,CT,06183,434597.24
789,680,Dwight,Columbia,SC,29215,484080.58
790,52908,Park Meadow,Anaheim,CA,92825,437491.0
791,86,Gale,New York City,NY,10034,442968.91
792,09802,Thackeray,San Jose,CA,95194,326097.04
793,3,Blackbird,Melbourne,FL,32919,413133.14
794,770,Lien,Young America,MN,55564,222914.95
795,952,Northport,Richmond,VA,23225,60698.36
796,16614,5th,Fort Worth,TX,76147,319997.57
797,1196,Fairview,Houston,TX,77075,491630.62
798,284,Hanson,Schaumburg,IL,60193,276744.71
799,107,Nobel,Madison,WI,53790,349082.0
800,72,Lien,Oklahoma City,OK,73114,495072.26
801,1,Maywood,Tampa,FL,33680,217043.19
802,12705,Oriole,Honolulu,HI,96810,303667.15
803,00,Melvin,Beaumont,TX,77713,320059.71
804,38,Mariners Cove,Memphis,TN,38150,57283.09
805,09955,Sutherland,Van Nuys,CA,91411,299908.82
806,00868,Farragut,Pensacola,FL,32511,356026.98
807,24,Ramsey,Waco,TX,76796,266513.0
808,879,Bunker Hill,Buffalo,NY,14225,154429.48
809,2,Orin,San Jose,CA,95150,402904.29
810,3554,Rusk,Bloomington,IL,61709,400707.25
811,25,Harper,Minneapolis,MN,55448,418553.03
812,206,Kingsford,Fullerton,CA,92640,443243.82
813,8,Hintze,New Haven,CT,06520,87168.11
814,713,Forest Dale,San Jose,CA,95150,268620.31
815,3,Norway Maple,Denver,CO,80217,164347.59
816,65372,Dakota,Fresno,CA,93762,224702.17
817,005,Drewry,Anchorage,AK,99522,334165.48
818,4,Clarendon,El Paso,TX,79977,242457.34
819,300,Roxbury,Richmond,VA,23213,387933.48
820,4891,New Castle,Milwaukee,WI,53225,400219.03
821,79,Pearson,South Bend,IN,46620,80148.01
822,590,Grim,Albuquerque,NM,87190,494666.74
823,17,Rowland,Billings,MT,59105,168057.32
824,2162,Portage,Tempe,AZ,85284,491561.98
825,94,Raven,Memphis,TN,38161,240917.02
826,0387,Village,Saint Petersburg,FL,33742,436893.68
827,010,Bartelt,Orlando,FL,32808,484090.3
828,8544,Northview,Miami,FL,33142,364191.6
829,4,Messerschmidt,Mesa,AZ,85210,455882.21
830,7030,Park Meadow,Tulsa,OK,74126,76799.99
831,4151,Tennessee,Lawrenceville,GA,30245,52364.93
832,33666,Di Loreto,Richmond,VA,23203,375910.18
833,23713,Dayton,Dallas,TX,75379,69864.38
834,0517,Granby,Los Angeles,CA,90010,311789.07
835,280,Evergreen,North Las Vegas,NV,89087,140830.33
836,88845,Hudson,Shawnee Mission,KS,66205,328957.73
837,1,Main,Tuscaloosa,AL,35405,216614.16
838,08933,Macpherson,Alexandria,LA,71307,159202.0
839,33,Iowa,Knoxville,TN,37919,487943.56
840,36,Petterle,Tulsa,OK,74108,452305.8
841,79,Moulton,Lawrenceville,GA,30045,123403.48
842,58874,Dawn,Kansas City,KS,66105,380497.98
843,48,Nova,Troy,MI,48098,154563.77
844,9648,Parkside,Boston,MA,02124,198588.18
845,950,Badeau,Columbia,SC,29220,239958.96
846,2058,Spaight,Fort Wayne,IN,46852,197581.13
847,9,Union,Washington,DC,20010,321439.62
848,219,Springview,Sacramento,CA,94237,249304.29
849,9,Esch,Greeley,CO,80638,230010.13
850,01276,Beilfuss,Denver,CO,80235,344447.8
851,68,Anderson,Detroit,MI,48267,129819.97
852,50,Nobel,Columbus,OH,43284,155247.84
853,7259,Anthes,Reno,NV,89510,412008.26
854,2447,Randy,Green Bay,WI,54313,327035.89
855,929,Elka,Colorado Springs,CO,80995,91077.16
856,866,International,San Antonio,TX,78291,293024.77
857,9484,Schmedeman,Chandler,AZ,85246,138759.31
858,354,Anderson,Philadelphia,PA,19136,278135.7
859,6023,Morning,Sacramento,CA,95894,428546.25
860,1,Garrison,Cincinnati,OH,45223,269495.79
861,15176,Cascade,Miami,FL,33124,276208.71
862,90,Lake View,Springfield,OH,45505,441695.0
863,720,Waxwing,Baltimore,MD,21229,51505.89
864,03,Center,Newport News,VA,23605,278593.72
865,644,Debs,Raleigh,NC,27658,473501.89
866,9960,Hooker,Orlando,FL,32868,342230.12
867,57,Johnson,Denver,CO,80228,199356.84
868,874,Quincy,Saint Louis,MO,63150,233438.31
869,12,Melvin,El Paso,TX,88558,478133.38
870,7,Springs,Indianapolis,IN,46202,128412.26
871,5854,Pierstorff,Memphis,TN,38119,401334.95
872,5707,Burrows,Topeka,KS,66606,483099.15
873,23596,Debs,New York City,NY,10184,442834.88
874,6628,Nancy,Oklahoma City,OK,73190,77690.61
875,29,Maywood,Tucson,AZ,85715,443766.95
876,81392,Bay,London,KY,40745,247693.8
877,28632,East,Levittown,PA,19058,144721.81
878,625,Rusk,Phoenix,AZ,85020,446035.61
879,07048,Melvin,Waco,TX,76796,208765.8
880,46291,Washington,Atlanta,GA,30356,244383.97
881,6300,Lukken,El Paso,TX,79945,326256.26
882,620,Corscot,Clearwater,FL,34629,330312.0
883,916,School,Naples,FL,33963,169451.45
884,56,Basil,Littleton,CO,80161,155556.7
885,3,Elmside,Evansville,IN,47732,420469.23
886,396,Tony,Washington,DC,20535,487471.78
887,354,Old Shore,Washington,DC,20508,445068.22
888,5,Northland,Decatur,GA,30089,94270.42
889,755,Daystar,Newark,DE,19725,463777.86
890,0360,Brown,Riverside,CA,92505,69776.68
891,3588,Mandrake,Chattanooga,TN,37416,95410.12
892,0,Oak Valley,Anaheim,CA,92805,283907.41
893,9614,Lerdahl,Champaign,IL,61825,342491.78
894,61,Fallview,Spring Hill,FL,34611,270023.72
895,7936,Sachtjen,Olympia,WA,98506,59833.45
896,874,Sherman,Houston,TX,77075,239753.49
897,24439,Mcguire,Helena,MT,59623,229678.7
898,2368,Knutson,Nashville,TN,37245,130459.85
899,7110,Golf View,Topeka,KS,66667,453030.13
900,81,Heffernan,Corpus Christi,TX,78405,435656.48
901,15368,Amoth,Phoenix,AZ,85083,53146.11
902,9311,Ramsey,Colorado Springs,CO,80920,117563.25
903,671,Onsgard,Athens,GA,30605,471069.18
904,89279,Service,Richmond,VA,23208,429761.79
905,006,Dorton,San Antonio,TX,78215,225427.98
906,454,Londonderry,Hartford,CT,06183,281909.11
907,60,Vermont,Birmingham,AL,35244,105025.32
908,2647,International,Tulsa,OK,74116,73748.77
909,80,Morrow,Tacoma,WA,98464,121953.77
910,0,Texas,San Francisco,CA,94164,251709.0
911,4921,Larry,Richmond,VA,23277,487621.86
912,1,Continental,Philadelphia,PA,19160,279579.33
913,80,Maryland,Irvine,CA,92619,220923.44
914,32057,Ruskin,New York City,NY,10019,181785.5
915,630,Kingsford,Oklahoma City,OK,73129,86269.37
916,58158,Gulseth,San Antonio,TX,78250,211912.77
917,7752,Lunder,Madison,WI,53716,65434.75
918,0563,Schlimgen,Salt Lake City,UT,84140,263823.37
919,7,Nelson,San Antonio,TX,78235,466391.17
920,0,Stone Corner,Monticello,MN,55590,142542.21
921,895,Chinook,New York City,NY,10280,394997.53
922,4,Havey,Cincinnati,OH,45233,439225.27
923,9245,Center,Santa Ana,CA,92705,56510.97
924,87235,Old Shore,Spokane,WA,99210,117527.84
925,7870,Maywood,Athens,GA,30605,135421.21
926,249,Melrose,Boise,ID,83705,459407.34
927,941,International,Birmingham,AL,35236,55336.17
928,50513,4th,Lexington,KY,40586,389850.59
929,83,Prairie Rose,Denver,CO,80270,384448.79
930,03283,Garrison,Newton,MA,02162,439795.86
931,1,Cascade,Huntington,WV,25775,246106.82
932,33,Del Sol,Worcester,MA,01605,368792.61
933,948,Chinook,Evansville,IN,47747,225029.04
934,28,Onsgard,Annapolis,MD,21405,64352.87
935,1,Kensington,Oxnard,CA,93034,306609.11
936,16652,Bashford,Houston,TX,77045,198001.93
937,65,Darwin,Albany,NY,12232,181556.5
938,65347,Brown,Orlando,FL,32803,331110.34
939,98216,Mcguire,Saint Louis,MO,63131,354017.55
940,797,Esch,Chicago,IL,60681,139071.57
941,516,Sauthoff,Saint Louis,MO,63110,324318.95
942,29,Garrison,Saint Louis,MO,63104,63082.79
943,80,Longview,Chico,CA,95973,133891.0
944,03,Northport,Miami,FL,33134,147800.91
945,65989,Dahle,Columbia,SC,29203,484063.83
946,79,Haas,Washington,DC,20041,162499.4
947,2326,Paget,Farmington,MI,48335,134715.23
948,5690,Manufacturers,Johnson City,TN,37605,328934.25
949,715,Maryland,Arvada,CO,80005,343610.85
950,9309,Summer Ridge,Chicago,IL,60646,55771.53
951,3355,Messerschmidt,Morgantown,WV,26505,209783.98
952,97,Fairfield,Corpus Christi,TX,78415,367555.66
953,54513,Shasta,Saint Paul,MN,55115,63503.98
954,53463,Sage,Beaverton,OR,97075,108026.75
955,85,Cody,Chicago,IL,60686,263772.76
956,7,School,Vancouver,WA,98682,405545.24
957,2,Randy,Vancouver,WA,98664,235187.24
958,3,Kensington,Kalamazoo,MI,49048,368074.12
959,0,Maryland,Provo,UT,84605,254086.11
960,00325,Dapin,Little Rock,AR,72222,402751.61
961,0,Evergreen,Colorado Springs,CO,80935,422378.5
962,378,Logan,Corpus Christi,TX,78426,478736.98
963,76,Packers,San Antonio,TX,78285,204847.98
964,84889,Kings,New York City,NY,10155,347069.29
965,584,Alpine,Tacoma,WA,98481,142482.52
966,508,Larry,Portland,OR,97211,316402.0
967,7,Badeau,Lakeland,FL,33805,427993.27
968,2476,Blue Bill Park,Chicago,IL,60641,351985.79
969,038,Commercial,Oklahoma City,OK,73114,456610.28
970,8,Maywood,Bronx,NY,10469,488626.12
971,5,Pleasure,Fayetteville,NC,28305,370039.0
972,0,Pawling,Oakland,CA,94627,396029.55
973,2846,Jackson,Atlanta,GA,31106,359996.42
974,56,Butterfield,Lynchburg,VA,24515,303562.96
975,7937,Union,Columbus,OH,43204,131387.19
976,4,Nobel,Cincinnati,OH,45238,119381.79
977,03,Killdeer,Lafayette,LA,70505,381352.01
978,88311,Londonderry,Charleston,WV,25321,139653.13
979,5793,Thackeray,Scottsdale,AZ,85260,246198.69
980,585,Merchant,Denver,CO,80299,467652.24
981,969,Sugar,Portsmouth,NH,03804,292596.98
982,56220,Golf View,Kansas City,MO,64193,71228.98
983,1820,Briar Crest,Indianapolis,IN,46247,359636.65
984,675,Northwestern,Sparks,NV,89436,76486.33
985,9,Arapahoe,Huntsville,AL,35810,347368.06
986,1,Oneill,Omaha,NE,68105,168012.23
987,84,Paget,Duluth,GA,30096,162356.18
988,6,Lillian,Boynton Beach,FL,33436,337246.3
989,856,Pawling,Inglewood,CA,90310,237431.72
990,0377,Lighthouse Bay,Houston,TX,77212,420794.37
991,13,Shelley,Wilkes Barre,PA,18768,458051.28
992,7,Maple Wood,Sacramento,CA,95852,168390.65
993,7,Monterey,Arlington,TX,76011,214858.35
994,34,Eastlawn,Washington,DC,20566,288478.2
995,41713,Jenifer,Port Charlotte,FL,33954,334511.71
996,9207,Sage,Honolulu,HI,96850,441196.87
997,210,Emmet,Chicago,IL,60604,248706.55
998,9,Hauk,Oxnard,CA,93034,215750.92
999,0782,Vidon,Sacramento,CA,94230,283355.06
1000,25,Granby,El Paso,TX,88589,139878.75
